Unnamed: 0,b'SEEG GLA1',b'SEEG GLA2',b'SEEG GLA3',b'SEEG GLA4',b'SEEG GLA5',b'SEEG GLA6',b'SEEG GLA7',b'SEEG GLA8',b'SEEG GLB1',b'SEEG GLB2',b'SEEG GLB3',b'SEEG GLB4',b'SEEG GLB5',b'SEEG GLB6',b'SEEG GLB7',b'SEEG GLB8',b'SEEG GLC1',b'SEEG GLC2',b'SEEG GLC3',b'SEEG GLC4',b'SEEG GLC5',b'SEEG GLC6',b'SEEG GLC7',b'SEEG GLC8',b'SEEG GLD1',b'SEEG GLD2',b'SEEG GLD3',b'SEEG GLD4',b'SEEG GLD5',b'SEEG GLD6',b'SEEG GLD7',b'SEEG GLD8',b'SEEG GLE1',b'SEEG GLE2',b'SEEG GLE3',b'SEEG GLE4',b'SEEG GLE5',b'SEEG GLE6',b'SEEG GLE7',b'SEEG GLE8',b'SEEG GLF1',b'SEEG GLF2',b'SEEG GLF3',b'SEEG GLF4',b'SEEG GLF5',b'SEEG GLF6',b'SEEG GLF7',b'SEEG GLF8',b'SEEG GLG1',b'SEEG GLG2',b'SEEG GLG3',b'SEEG GLG4',b'SEEG GLG5',b'SEEG GLG6',b'SEEG GLG7',b'SEEG GLG8',b'SEEG GLH1',b'SEEG GLH2',b'SEEG GLH3',b'SEEG GLH4',b'SEEG GLH5',b'SEEG GLH6',b'SEEG GLH7',b'SEEG GLH8',b'SEEG ILa1',b'SEEG ILa2',b'SEEG ILa3',b'SEEG ILa4',b'SEEG ILb1',b'SEEG ILb2',b'SEEG ILb3',b'SEEG ILb4',b'SEEG ILc1',b'SEEG ILc2',b'SEEG ILc3',b'SEEG ILc4'
45560,63.73807922558654,-138.0430096003754,-189.9511440545813,-158.93229588959525,-124.74140789172284,-171.14385843613368,-193.6374451583605,-62.3097208932557,3.2731669822001126,-26.094393469927475,-79.63924510100524,38.66871075844921,-133.70452612093194,-260.24943342147924,-247.66947818398836,-47.53551038980311,-170.2784345797865,-165.9342861423372,-97.8625762823768,-116.39190840736272,-247.86513314388287,-295.0964019508709,-208.82874109333275,-100.75332089856316,-153.9533179257378,-95.31169893007711,-111.52461958685237,-256.7406565688838,-246.69706888256115,-173.6717350419033,-131.77903452509318,-151.80074855828155,-72.42416965475111,-64.7669814119095,-21.070585712683307,-148.6705393925903,-183.42606164878117,-161.85601454877386,-132.0148330738285,-23.33477252780648,-82.27513606703451,-47.57786146042529,-128.0898987258797,-158.844719388443,-151.8443962417063,-143.52439867990262,-165.5769182327507,-207.266520922124,-69.8036095635787,-85.34182237567066,-119.41723598302622,-181.5713928308056,-169.76790985442688,-118.90259490522972,-196.66708365265907,-302.3952059575953,-67.03383268157204,-76.43696528022218,-111.17414512252044,-137.3888074210301,-72.73406833061742,-151.39341068077198,-234.40822407710192,-119.80058054549517,-48.10148838944776,-274.9433278210876,-210.8138727838783,-167.24207431565029,-184.11297600645457,-279.6993362896979,-186.8761642283465,-51.03165280247991,-122.75388645889218,-138.7389148996346,-23.276809931524536,-116.88504631229782
45561,61.074246466454575,-137.65026046599434,-196.52251952072305,-168.0634598828291,-140.50913938944404,-198.75332616767005,-229.76314329618884,-101.42368962580184,-13.954756048584102,-35.2571379033195,-91.77686332598752,30.24472317358262,-153.02905719774418,-293.4266747162919,-290.40636367499525,-84.58943450746848,-189.7536824851805,-184.6197949521466,-111.55284249556308,-133.08669979882777,-269.4243850908401,-330.9705981723856,-252.16251672682984,-126.7336624451207,-156.37379123840253,-104.78611502041272,-131.3381434718401,-284.744770904788,-270.6460726799302,-200.5972381641288,-147.17986724867026,-149.69664517679627,-78.8439696005429,-74.52097401621171,-36.83050018674011,-172.84525682061368,-207.11050797976756,-177.17128156858277,-134.98333098732493,-16.57019648023059,-88.25070867443743,-54.05762877669423,-136.54028240172605,-169.53858326608196,-157.72697370389434,-146.21508067402775,-156.78786490074003,-197.91194006413065,-77.97649844417849,-92.08878631432428,-127.96151598103155,-187.0905593537835,-174.54107133522018,-121.72265871532151,-187.92032227729555,-263.5475524923099,-76.8446841169621,-84.96072427278047,-119.90545238100312,-146.33445717395077,-85.16251153195148,-165.86037414422432,-225.0321751921769,-174.28255387897238,-51.479419837430896,-286.8405383674646,-224.5190655883804,-173.89586425236786,-175.83102889704267,-297.8755709944469,-214.04729070946357,-50.449641969765,-150.72362304853743,-133.9489771848921,-50.0910102189787,-136.87123788711818
45562,56.55489031900358,-133.12455889854556,-193.92937411709653,-167.89686433000946,-148.52357103864642,-216.3881475557444,-254.25376699168584,-108.266896078453,-27.466952259983987,-40.92073996003604,-94.99050813782348,26.80220068773193,-163.34381292198262,-318.95334253971896,-327.377001378518,-114.3989907712974,-201.0941447850144,-194.2528105469257,-117.21875871706544,-140.70989125945664,-283.59486119525127,-360.1864044201689,-291.0359545875555,-146.90402089707013,-153.64146576588348,-107.3843470481815,-142.25374743848624,-302.73825191313324,-287.22228428816254,-219.78453731131265,-154.70854646693866,-141.47868424428452,-82.02960402955796,-79.75852344491229,-48.39866284009437,-190.00014069884767,-221.06001731296604,-183.5865318720923,-130.66279529447888,-9.333530580784268,-89.10660678371825,-57.30550376224369,-139.50248090255872,-174.22113935929485,-157.99395580717612,-142.8912778188731,-142.9092074820788,-185.9449987960301,-80.76128903616043,-92.89314333721002,-131.6214629239937,-186.2189475825105,-171.89265422526873,-119.48861329128412,-174.82908336784763,-224.62091166848825,-81.7457521274921,-88.99630010314083,-123.38661853190598,-149.8383985675314,-93.14111145549109,-173.3081518553304,-204.799176240752,-241.8545875116428,-53.43397491200494,-286.2046673917218,-230.67307020654505,-173.3045704344185,-155.9846067087188,-306.8763352307534,-229.9677459014932,-42.798837551980746,-154.52243380931853,-112.19254780712676,-60.10934547568628,-146.6777805183291
45563,50.61324789230801,-128.4175295277692,-182.81905323060872,-159.61074583198356,-148.39034000848207,-224.8868959381144,-268.5944969703607,-85.29615250740142,-34.138640857553675,-41.39599496360404,-85.43891262402933,37.00901664598681,-161.87462830673246,-332.4586883370523,-356.20926163391704,-137.28370599352883,-207.18912834658929,-198.3651357695339,-114.95642026263464,-138.16633841277687,-288.2894163126962,-377.9076332264199,-318.0792170146409,-164.22022605677006,-149.81949684995362,-105.98920359095897,-147.72822725165094,-317.72737891722204,-298.1643354219024,-231.0495724880981,-158.59562563119368,-136.28216186397265,-82.64220770057257,-81.3002184585112,-54.81153764618191,-202.1182462675707,-229.97060142167672,-187.5515137874767,-126.47758764644809,-2.5543210507141936,-87.4153425451794,-57.73358538966455,-141.0416202712191,-177.09103839782847,-156.9074532411347,-140.58833579676366,-132.42515104311053,-175.8529887850675,-79.87380845710764,-91.158764232602,-133.14981306774226,-184.24970002188812,-170.38732950549306,-119.24441424650536,-166.37264308642847,-189.81459533631076,-82.2445521110575,-89.62956129118596,-124.86525622533956,-152.19227541639174,-99.32154005068412,-180.668837658682,-192.25283884407884,-307.05174534345514,-57.88357374155085,-278.19076237933734,-232.02578837326584,-170.83152094404193,-132.55782202340504,-312.6983061351125,-242.8427761682868,-28.92618757156751,-135.69209730295808,-84.72622187527675,-54.05845908825551,-149.37556978889134
45564,45.41330513532422,-129.51331060930102,-174.4753360982117,-155.46167685943598,-148.70212665819628,-235.6594806172468,-284.1182480434267,-50.27944758297885,-44.22303002954113,-45.24193753650734,-72.35637420230158,59.40508593224367,-157.5002834761439,-342.0529929566146,-383.7517301107748,-160.21027062170012,-224.7607209088248,-212.17494362345815,-116.04584263140627,-134.67407725553926,-292.7083359278352,-392.4658963835828,-338.8869835146244,-189.33499945622583,-155.81469643172815,-111.95536478764366,-160.88913297676405,-345.4219071907656,-314.5419339983226,-246.0850058362936,-173.32407642966672,-148.00108592174033,-88.84820278982616,-88.78634737253802,-64.1839810789527,-220.86422576655312,-246.8619528256796,-203.60975541874632,-136.33674330355137,-2.1834987466713365,-93.53756420681576,-63.25727380209679,-152.56373791096073,-190.6875825524057,-165.59519969880648,-150.99184824871514,-135.93458679570196,-175.98839160824136,-85.38339645877713,-97.41920020798118,-143.15219926121864,-194.67930319145316,-186.8446759098749,-130.92790190189274,-169.64028665276172,-163.71717156744384,-87.74280692206455,-96.70328284520448,-135.21671406283951,-165.29764756517906,-113.18844259941794,-198.80387455461135,-195.02492868426265,-336.771139846448,-70.19058001090336,-276.6836765060932,-240.63156713647788,-176.31027841325073,-120.40270518593547,-329.2630999004181,-268.6680576562559,-17.809487469454403,-126.90898049625446,-70.20390814834887,-48.307405025890034,-156.23547830981985
45565,42.1559833961471,-136.3914370421979,-175.4889723589715,-161.57316013281073,-154.20140293403747,-252.8155886807681,-303.062979410451,-17.871354968226733,-65.35328621638966,-56.31613362213673,-64.66363379365313,84.48847059475179,-156.85218619516863,-352.49848762032804,-409.182952620279,-183.8835277410864,-259.03443727500564,-238.6425291750624,-124.43906535243134,-135.13253333722196,-301.4027207179196,-407.1152031327503,-355.6524547230312,-220.8277000279193,-172.20873543564525,-127.86607391372657,-184.14320176021727,-385.2561506966362,-338.2644001160779,-268.3487349232101,-202.0910781291356,-176.11309440758973,-102.40994497026838,-104.69690351395352,-79.12140688247133,-248.25555804039416,-273.2702645551941,-233.67667017431225,-161.74623979336891,-10.746171595095149,-109.24001777648331,-75.5281295940081,-174.4261871947044,-216.23700769429735,-185.4888969578184,-173.460018231675,-151.40064509009667,-185.3814866066261,-99.6828312659518,-112.70961908316976,-162.82571861711858,-219.31019067452024,-222.24010489255997,-151.74053006389744,-178.48550351835397,-144.85764463735185,-101.3631693577445,-112.86906963486211,-156.10839821178533,-190.4960130800475,-135.19984985493704,-223.4098386028469,-199.18284824636945,-304.58437186305576,-88.47736674522665,-285.2873259044613,-261.0284972501319,-190.97572899173295,-124.3216079043028,-359.48094517816656,-309.7253758190872,-14.522236085777712,-144.20623423431562,-80.46825561349091,-56.01419081487055,-172.44986844688324
45566,35.97707421356399,-124.60727004758246,-164.65029442653346,-156.5866999523036,-148.42840690369732,-247.63117677248127,-294.6087891297194,-3.867718606426016,-79.72519526419116,-58.79687767530479,-54.245018002072,83.71115331060145,-145.84835217025233,-331.7340083662692,-386.96617079629374,-188.64036821413185,-254.86406874761127,-229.03249973105196,-118.64026473041258,-123.93418421865078,-287.4457596927767,-381.2584456844808,-332.8765838262624,-226.0539899274584,-164.316605682851,-127.17195648472882,-184.1134293150285,-377.0376115888237,-330.24216600847456,-265.7651050954748,-212.4632127200788,-185.77796464925208,-101.50925597441896,-105.11109781413128,-84.41060241373918,-249.23177041110227,-273.96145889355466,-242.3047200514232,-173.80858802149996,-29.753482914005914,-108.23508208067564,-75.35147900161114,-169.7679324839762,-217.3004454131475,-190.05442323223943,-178.63012426650397,-152.63602600492868,-175.7263945738421,-100.29700403080328,-109.36148528361554,-161.6173155099424,-221.279081344168,-235.29574261556985,-154.67157070472732,-169.508190471538,-118.7258289011655,-103.3001303223707,-115.47358613171396,-160.4727404871614,-196.00847297117613,-141.90263854268323,-217.00532158321383,-178.05313958190683,-218.0740215571358,-95.35599656716414,-263.57340678156686,-253.08737335371845,-186.3161693682777,-122.53314526562468,-352.5718820766205,-315.20420555632217,-14.379320588278194,-153.2881480817419,-93.72688129452524,-63.93439244267983,-173.83587043619391
45567,20.09685274037608,-59.200329375398674,-107.81874935943048,-107.3254086965363,-106.00975563568898,-178.39410545498933,-217.54312825711384,-25.21519201002239,-57.63091599824468,-32.14770948935554,-25.55733077469161,18.865167512696356,-101.7243263382096,-230.10893308410664,-253.1867409614406,-146.96816651951886,-129.10764433479028,-113.72327452368256,-70.31874216804695,-79.01078825072679,-210.3907640140881,-255.421873826768,-219.87691684870177,-166.34516149491026,-85.47933807146451,-75.63968732258334,-115.3423242444407,-236.0077200973155,-234.2749770261038,-194.14671652720472,-160.6376185716853,-132.35640915395882,-56.90062954091352,-57.72293144299744,-61.32080732669967,-175.0770692028694,-200.46081958348103,-181.17546310310271,-135.20923869018506,-65.43207307329624,-55.00317928803769,-37.99133154563221,-88.46254386057959,-144.58873776904747,-144.76493958051356,-130.74200093036166,-111.06076770771348,-114.13194302173152,-57.34114267193711,-51.14680064434389,-98.54891117338067,-149.3908457735212,-171.44393675608794,-110.4501078724188,-124.39165582296108,-74.96341026533457,-66.55163354051759,-73.87430974552156,-112.39474766100028,-139.20013616674592,-104.63795066084494,-138.14955718359246,-119.08848678564507,-120.72923753329329,-71.0988768276753,-150.46489302212382,-154.08543494665108,-121.19241070032577,-80.30525367512406,-230.2365589711436,-212.6499166707804,-12.05898885040713,-104.70544591336588,-67.30733439664776,-45.32225647030401,-121.39763566835713
45568,-0.9100467213265094,38.984343765668605,-19.833436629774567,-26.95517861536711,-38.792016082338975,-67.2529158788838,-98.13223160072408,-67.74638456055561,-5.991682077182118,14.203931193228271,15.214688425209726,-85.61129267027785,-36.40375623453603,-78.69854574393848,-52.63652564521509,-73.35163185285292,77.36848514656155,69.42554688561573,4.733972233851444,-13.712990379629538,-93.23335257137988,-69.84279400294584,-54.39337837643391,-65.76139074980347,38.36205044435129,8.54106528115152,-1.3353366966901028,-9.101771171621838,-81.06556101536927,-77.9849508610357,-65.19784775171516,-34.9844272520419,16.552730108581127,21.372209271042088,-18.79905759462651,-50.95585489600244,-77.3123941553276,-71.1881518540233,-59.56271678319902,-106.72633984679996,32.95081604301016,23.72801250644497,42.36518446893508,-22.787026700100192,-65.15592126733321,-47.23217811770739,-42.09091754312473,-22.0073483120821,14.865547390865332,42.04928118618809,5.036754894875082,-27.120297058925573,-53.29016441289287,-36.65079799154418,-62.054421586514486,-27.34872092058465,-3.1306288324588736,-1.9391648869918288,-28.40686747532208,-39.65260137895211,-37.61778664562756,-17.342936839886875,-48.59530220137656,-59.2928125024703,-26.396542052945225,20.56348170103839,6.279547571122775,-15.437899876090686,-6.6845624174771086,-29.89490138354781,-37.86092521197035,-7.071913920752185,-13.502284429627547,-3.5175407743663625,-3.575782747439697,-30.004826904822984
45569,-14.07435487217165,101.836347347294,39.82901175237541,28.79073999534861,7.790012802155399,8.161030639159534,-18.08388028818079,-93.67558927415456,33.11302495266368,46.89892644672074,42.97665567262693,-150.80780188796075,7.89683831385272,21.16842706934689,78.10255655312098,-21.417644839273528,214.2481496204916,190.15530141595443,55.268092171470194,29.934271153309147,-14.124970337344454,51.30096682506525,52.94816294941782,2.585206213275749,120.38391553346864,65.47553140330504,75.95978929165507,141.92644917462243,22.447617796617276,0.8526632559119977,2.00716106405886,32.83849447898359,66.68489158397743,75.32667782749908,12.0086443835654,33.89617444494659,7.126657524767587,5.902706768920853,-4.728399998459441,-127.37606458165683,92.65002218612996,65.96715327479676,129.47042880912807,60.12515226243582,-9.104466940006605,10.887078607869904,5.402911644449289,38.55898946576417,64.49414352219748,103.87177907726982,74.95908402303394,56.6328221990948,29.58164500367264,13.815380218364812,-22.194322292310687,0.7331202898970587,41.29626831988458,48.11501271796515,30.113136317677714,29.47821746210213,9.70890498084962,61.48921892869037,-7.585278970400951,-43.17481451852514,4.797690878236927,132.55098975514332,114.03638146999712,56.42034595177102,45.34649028986504,105.13531041092918,80.12238433786173,-1.6521211147628565,50.61810302840255,45.56513462607032,28.019012886290074,34.060858594724024
45570,-15.83212054392384,109.38092892329398,49.38213442214931,38.42206235793714,16.007180841702063,20.518117387308,-4.568600071153769,-95.07903584809492,39.94616337286661,52.16538709432035,47.37844899633227,-156.3410841205988,15.555628891369135,37.03394137289485,96.97895095737805,-12.382334928306763,232.25116194911956,206.0435909532557,63.2271924155352,37.16824743190328,0.3562246472076702,69.97039549474057,68.7062497609823,13.965161682206764,131.58839774074087,74.07807480745689,87.83220201884407,164.0156358791812,39.83987834035764,14.169135524384991,13.669644126106936,43.80280776218552,74.11179820231452,83.13620394821437,17.556148273669734,47.65511280933112,21.16384074266671,19.151990801105452,5.271129195435357,-126.26628794781776,101.01785907241036,71.94887180333399,141.03917172741882,72.90689285920337,1.055136335623144,20.76902335807792,13.266798345294417,47.24218613768296,71.77691794002219,111.7182024087678,85.05842567010335,69.68854143473142,43.23522842662256,21.978875452270024,-16.075837568978294,4.156146474638815,48.4589512440654,55.86940046583874,39.742799026769966,40.84629947744624,17.84269603826087,72.19354720729996,-3.418003047582266,-46.153724274737854,10.375097423771296,148.19376780869192,130.0786849510679,67.9560919255891,53.96154830803752,126.24200950596534,98.58317815878831,0.4381068513789583,61.12643685023576,54.66441461245234,33.54586868731763,44.85749162799375
45571,-13.121622585852757,96.49802151827043,37.36197385025231,27.585667222329903,6.660714856573012,6.395070174951391,-18.621810931378224,-90.70042578317864,30.49774202832946,43.83457341947402,40.062457719725366,-143.56171827866126,6.688813020086176,19.49381754778068,72.46193200294798,-22.129355676879204,203.87609676227063,180.5231952467843,52.59880245298644,28.14207800209438,-11.97905117608362,48.727787112621,48.68442343856571,1.522562807936598,113.6747423940041,61.75115028730831,72.30191167453036,135.5113937896462,22.28721238702964,0.3097038215855956,1.2218309564288448,30.58205594128731,62.63519089594886,70.62365477885479,10.311474914477529,31.6737500624312,5.84998513483397,5.092591847572234,-5.304483702229441,-121.67752916929648,87.11865701741384,61.31276576364426,121.58886630002742,56.36223876676201,-9.248329319249832,9.52144987351485,3.433075576528838,34.09518566531374,60.09314187350422,97.16755705122038,70.048935458762,53.119815234033645,27.40765802040393,11.700830891971838,-24.05245069783284,-3.622143907105526,38.35727707551792,44.477274949380806,27.82313969028116,27.32266138483491,8.17421842729286,55.73657250577995,-12.891721135186431,-46.5887789772944,4.556506191776546,125.97435251636884,108.8338109370942,54.10329711356504,42.854961573418464,101.96910718151116,77.66361502681474,-2.01023898903458,48.20874378460582,43.93562359678371,25.39491297782037,32.01054246376108
45572,-11.728273491336886,88.49353802004529,30.503621506265645,21.22531928310645,1.261859222522535,-1.601335618692474,-26.41616528073185,-87.30175864787512,24.239944854199976,38.35749836803262,35.58612506442566,-134.92942188892465,1.7695171085945427,9.913366472780794,58.181859310949605,-27.3738017609339,185.4522548833181,164.4285850909497,46.37637655644554,23.079223404106383,-18.1431768250634,37.00312813305864,37.31304598122047,-5.965673585086201,102.36436821875844,54.25586164097674,62.8575084505877,118.32525069312824,12.610717109626744,-7.125975499408494,-5.709129100788782,22.748055611765427,55.54513269940775,62.79907443152236,6.088620200934713,22.48259679684809,-2.6409706408855635,-2.6740032488121237,-11.041946277586169,-117.8131436092411,78.36170361541032,54.618728736660046,109.2955858231274,46.56949891493832,-14.810976618177728,3.27882130249628,-1.6981628134854931,26.84294439815244,52.879305375431095,87.9553736617158,60.97389185177212,43.371059178997605,18.447998145327333,6.2589391252829865,-27.3970048255382,-7.328712161273518,32.18520399350449,37.5327713145974,20.951837047792605,19.56449082432909,2.9333529934787035,46.79054557270901,-16.648391979873097,-44.82691071866935,0.5337812092491857,112.29526132444444,95.13999652226826,45.30347101072777,35.344916059794336,86.88645970993329,64.16206054595378,-4.1383919150358,39.59651228889872,35.864709972734715,19.24405535135716,23.672856657015853
45573,-12.433817323902606,87.65916492655177,33.54442400495997,24.270441152633275,4.543014859819599,1.9859547567311928,-22.175573467591096,-82.75515351873425,26.25536626718587,40.265416998298605,37.99338578073253,-129.0326872109733,5.197985404158181,14.011641536871396,60.859019913543065,-24.205260315129312,183.97687260949323,164.43674341238994,49.06038194564315,26.31911435411304,-12.744971817213772,41.15972667445725,40.53858743466791,-3.2914735198985667,103.47116028664657,56.54428231641958,65.12063443467525,120.16306629178402,17.011543162853336,-2.824827308373985,-1.9255090105039967,25.2080883614361,57.45384288501826,64.56659458979675,9.083442477186312,25.92019607505557,1.261287718991266,1.3114303648180634,-6.972662857491911,-111.69785833086698,79.812022859915,56.36398686760039,110.06676340892862,49.30225731008208,-10.75526934458097,6.825655245727763,2.1315308709536023,30.19853312057844,54.82555943286364,88.5611570094074,62.89965822924817,46.17719318138779,22.057918719297252,9.8219585038722,-22.98114310547053,-3.179937269844537,34.60059527264673,39.85326214009988,24.06318038283073,22.855478375702805,6.449885767514164,49.876854119687664,-12.637787654792923,-45.06111163402508,1.5564966658156525,113.3790782822424,96.01309972393987,47.04507057897551,36.581256023573545,88.59497637107135,64.86551017984303,-2.209778589635846,40.86860588788508,36.53832104988304,20.158357784503867,25.67771765850357
45574,-13.151486790057374,88.37380860105644,37.200947911617135,28.133679674048743,8.343053967653898,6.812128169534988,-16.35469981705664,-80.02381697563058,28.81527635522072,42.530585272143966,40.28645133282981,-125.89977189870189,8.955331512873611,19.929649066193328,66.40118663248936,-20.55731497848457,186.31202349201556,167.1454088279912,52.239801513727926,29.82180507350441,-6.109457183180266,47.71203258868015,45.86504935960363,1.148427626169316,106.21676510292836,59.60806642746672,68.84854669453722,125.56587867105785,23.444041955592425,2.6466218910196977,2.748190083982028,28.84895066551622,59.91995441515767,67.00251435690097,11.995170102993123,30.78648023512185,6.490058111404876,6.337415586939004,-2.611541412881945,-107.44479166677168,82.06314350232921,58.39840408575974,112.47220834665085,53.39686837135958,-6.143780656913278,10.94121279988986,5.865006724589217,33.76663459077586,57.21307469931902,90.12843272141626,65.83221553967488,50.32008196582315,26.737329632964403,13.45767768804922,-19.16126371746965,0.0092786593190994,37.40161175887514,42.63370401570896,27.763057172433115,27.039176587618133,10.047897738970878,53.41342805007044,-9.799529659537596,-44.43292513286935,3.837995913878804,117.10977474055863,99.98460017410926,50.734742630511086,39.27311837447738,94.24820638125873,69.73192088509245,-0.1307351816340756,44.07261756636276,39.16380337916575,22.20831921329141,29.381844688502664
45575,-12.447945082181144,85.52905531730457,34.235637461686984,25.662548171551965,6.02956921832379,4.290430405906114,-18.116391002791524,-80.0839220181372,25.42950865427167,39.25426194804496,37.16455989906488,-124.07618600392291,6.746531448601751,17.663657128954927,62.37915967607617,-22.33860464662146,179.6894096128069,160.67359333756033,49.222390688047,27.30871566283082,-6.888285275324578,45.011799151368,42.56855655206554,-0.6822256691939829,101.21352448771916,56.03873031822308,65.20080795841614,120.51669860404778,21.480547113244324,0.6984925804674522,0.4659930325538234,26.067129374787925,56.20303916238419,62.905384780795096,9.373625815167497,27.78448846447401,4.064782322455516,3.930482508566095,-5.009925215691342,-106.83499045083524,77.51436954666771,54.39247413620247,106.8515948243443,49.65217475472988,-8.07720229669689,8.481069765993919,3.2077030022290405,30.04789063717832,53.25912813282649,85.45395761266037,61.73940312643708,46.65120386661743,23.532540359956503,10.823751771616788,-21.07869853844303,-3.2876003910242413,34.11570207643641,38.99601772921748,24.74801438465887,24.04921351448349,7.484709929601898,49.26991583745868,-12.650036716669602,-41.39711620416488,2.891096512637457,112.41718602193572,95.61463829518866,47.97407507159387,36.30276086824729,90.80115835208318,67.21602599545972,-1.809167198988774,41.15502783994187,36.1056384648722,19.19805559839866,26.483515002562896
45576,-11.585400229144952,80.66566203638689,30.157578776827727,21.929075383058475,2.836866553150317,0.0148675291616191,-21.999453344503387,-78.20731422892801,21.27567812910917,35.3429247058323,33.84784705525806,-119.17258245012998,3.8247295428621584,12.821088808126936,54.57732142367567,-24.887914816846408,168.32891717458568,150.58850362312418,45.22094311784497,24.09144757036793,-9.59796975046045,38.9515309496082,36.36508194456007,-4.696756084588081,93.93007698764524,51.2041140871571,59.4854108124084,110.8223538517812,16.699541612574954,-3.018000881324669,-3.170717452468128,21.6559392612774,51.51036631977999,57.70442227027821,6.5694429330984265,22.748174326460678,-0.260011348438196,-0.0460520090719285,-8.093012183973896,-104.26532797947549,71.68944838590735,49.74350596205433,98.962844943091,43.943482333809285,-10.985398063661716,5.011634775885904,0.2414735790698783,25.59612886890416,48.46804395200425,79.34883116865808,56.1145741295566,41.0484036172829,18.68962606020736,7.684982739856847,-22.808889039346127,-5.989818306836656,30.093358722281152,34.521054509266044,20.69953818233622,19.663076940497096,4.459134113780765,44.01465050457387,-14.783832373192508,-39.60649058323352,0.5218811826822352,104.23088228533952,87.43470804944418,42.77106117224841,31.587884376712218,82.50029835308862,59.830447278807256,-3.686327135465909,35.936313484078546,30.92616435040293,14.954838639046235,21.51772376800817
45577,-11.926746089105318,78.4995315356365,31.77599359268064,23.65539474869911,5.033883748985328,2.036290324869696,-19.395133824106143,-73.29520027862105,22.466700887269013,36.40407455950992,35.40931522219449,-112.27852983011938,6.160008363037163,14.756381620354414,54.578393605687225,-22.686147728830917,164.03108498314168,147.93729741895677,46.56377604047042,26.138796832982155,-6.118773334604843,40.413355661216045,37.29742307984794,-3.362478292837201,93.16799952319133,52.09393551526067,59.979004170025625,109.4676731671176,18.81775696529048,-0.4523504278217538,-0.8169556659291752,22.710086076852,52.19939635706898,58.18788024651087,8.770428880475846,24.364998322814987,1.8975769977667885,2.314180925854808,-5.239366109542572,-97.90646585969982,71.73575567519238,50.44720885168517,97.8399605293809,44.87411833114351,-8.188285383401459,7.2498140073159325,2.9293257484360686,27.519013812381274,49.23788069328816,78.57313028921305,56.48669036120064,42.05248031124744,20.55144151231967,10.037585247481973,-19.41425653346184,-2.7004889568882287,31.44817954216101,35.69273181414325,22.480539950467385,21.435719424852454,6.859587848111408,45.29900759843508,-11.805775381454731,-40.27419054566608,0.9498253330949156,102.86241144468076,86.08315343200412,42.97345778809127,31.789268201377823,81.41579794626784,58.25223223296496,-1.9826339142392584,35.934719195157065,30.73848270595728,15.32831615800563,22.251827765828317
45578,-12.388496214719089,78.20932160569578,34.375012315885826,26.50327247671953,8.030878511371725,5.710997982691379,-14.777881140764997,-70.21055980554905,24.401569319222293,38.038875510031474,37.09430703121937,-108.3502075299982,9.121462607683608,19.060785040746783,58.13987310193917,-19.72164159323392,164.16569187227913,148.6146198211647,48.7329955473332,28.761502343160416,-0.9711067035868568,44.93525048851105,40.94386303119392,0.0641585153419226,94.50675640398588,54.11151892291195,62.34929628633545,112.40173579143756,23.48370152041844,3.7236007782771616,2.7866389446708637,25.2879357390918,53.76106316722534,59.67459338362031,11.116949518349532,27.857970844535497,5.825626398023435,6.116399522006033,-1.775972865007382,-93.432634884891,72.94387259852053,51.73368250165564,98.83899440605148,47.61714934608816,-4.512760040852824,10.400593761116909,5.871111422226504,30.10756116074292,50.76790201443804,79.13563383155065,58.27404245021843,44.84039299705401,23.918926730423625,12.820050355326115,-16.22288778289359,0.0303757850698269,33.46707440780412,37.635397020101934,25.194736234530048,24.48440837352641,9.653401835554192,47.59087458181965,-9.481642797942998,-39.67725940819189,2.747882373560291,104.7169075846794,88.30164390217575,45.44694501142476,33.65908324318133,84.82999866129887,61.26745981751929,-0.0826143862603736,38.11961669702562,32.60666140239017,16.95267618019636,24.9591132522789
45579,-11.68577273186436,75.41730320824587,31.53366423588049,24.128215673268304,5.8921438415527,3.4587426736717184,-16.25960944934812,-70.10586969205153,21.287319858293205,34.9200559045574,34.07269540079309,-106.54007874560808,7.052376122341544,16.95642921544603,54.42231935222408,-21.19122494976581,157.7317646867776,142.2920228935808,45.74806206487786,26.30261906209286,-1.7999746951065114,42.32087912417767,37.88311341548013,-1.5114969854709035,89.6727596550347,50.65777493475807,58.81316329299009,107.50107906883488,21.58458696216444,1.935335771594068,0.7213856194177323,22.720986690635016,50.19085675703301,55.75553899147738,8.675190199795232,25.06184343364309,3.649522817655009,3.9271528970718097,-3.956961411221889,-92.68854231707375,68.57602483394211,47.92605379597224,93.4782183015925,44.08653916020414,-6.268645814858196,8.12602661103763,3.422591050888843,26.64648990983408,47.01303901284363,74.6792349025108,54.39450281552397,41.38937712799446,20.95591801393823,10.365367727935476,-17.92294707479496,-2.9630346399812453,30.36395298517238,34.221053673624425,22.367679972096276,21.69532210699936,7.272848839083805,43.69939566081469,-11.982886618310602,-36.658744838470334,1.9274277938442812,100.1441654893585,84.12078565675179,42.81161628580031,30.914302795326744,81.46408045720855,58.89849173039362,-1.6235797582205942,35.4132785776771,29.81485505479168,14.273212824145013,22.3171498038428
45580,-10.843588937723602,70.82144602797207,27.713668697524167,20.634536532579983,2.977287162578427,-0.3488621179165383,-19.637756179496712,-68.25217815398591,17.503943818028183,31.239217482457367,30.88603124172785,-101.97121131390531,4.354742284195456,12.553756130793056,47.32817908307257,-23.319470584381826,147.06265853774536,132.74838323104103,41.89099190849637,23.21983159923911,-4.354521298678395,36.70048922073409,32.22391552316962,-5.046020649361206,82.8055741085663,46.0807191379953,53.43593679180492,98.45476941787432,17.172732870305264,-1.4218878879018657,-2.5343246120283203,18.714342049669263,45.76196302697054,50.86376931485226,6.086407973030584,20.46331314533457,-0.2043501416510453,0.3602992361275356,-6.720616495314086,-90.16587986864256,63.08369868491475,43.55926501445332,86.1052254668052,38.81780862395494,-8.878678890158314,4.968288959937578,0.7235068867039116,22.55135857420589,42.528467750316025,68.95854525832975,49.16350505185069,36.230793819961846,16.560423093803436,7.482245146902184,-19.43422808422964,-5.41062517899693,26.61841309240736,30.077747228746134,18.637526451536356,17.67925499245571,4.504348755047807,38.84345391708389,-13.812919475305144,-34.844630888249576,-0.1803290644365481,92.4460454503516,76.5257217590835,37.98632577482441,26.61143088024382,73.74672865984905,52.14777902348197,-3.3517688486627444,30.645794055672624,25.12432712272368,10.487931121548089,17.828114319717983
45581,-11.092941833044812,68.59551560078529,29.069184829999017,22.10512161720501,4.982713124517985,1.5501907074831172,-17.139440500408742,-63.50922293006288,18.61275038503484,32.11336519138434,32.17674397492282,-95.40087348462735,6.458093025923429,14.252719942435714,47.220314994795054,-21.126370608609477,142.66251512985878,129.85457593973183,42.8970784749188,24.94285472665355,-1.3102447077370674,37.82628320407701,32.97998538472231,-3.742446116977749,81.82557477863394,46.70676747747664,53.67044006858755,96.84576577895145,18.96806379361572,0.9070904844780208,-0.3504941362289858,19.6535287074636,46.231660375687866,51.14360675318053,8.09197296622332,21.88077908427333,1.8035755115079497,2.535236451372232,-4.068166731664161,-84.05828059257986,62.92329833439063,44.08038132414109,84.83684299121816,39.55303087479304,-6.291178259857028,7.0037271349070735,3.1901451675994608,24.261257603027374,43.111156018135794,68.0599893926751,49.3631610375079,37.045132809871376,18.235137518323004,9.606113913259383,-16.25452064096164,-2.340747157366826,27.78232611770546,31.082850187910896,20.210968298452457,19.251958069722004,6.689446946540827,39.90688881169699,-10.967846970167466,-35.35702123598821,0.2499217469218897,90.84816767694257,75.05200992789678,38.037826247626086,26.77307019938909,72.45718738249832,50.55064647250657,-1.7597829873302715,30.59718788270436,24.97522786219442,10.9318644391709,18.50972844391645
45582,-11.447998430916511,68.0841864194638,31.30706576581179,24.590445693944236,7.709321378797663,4.949481142478683,-12.80878692127115,-60.45244235442473,20.395257360084795,33.50675233886913,33.57033154092799,-91.55721253243044,9.122230638738255,18.104375288745363,50.359860609102775,-18.2500866027502,142.31863583013265,129.99843629562048,44.64698024566176,27.179784808718576,3.242838018952912,41.73652105350365,36.20794586079038,-0.5263593722315941,82.76099309034878,48.35457577097284,55.61210720351488,99.14941350606904,23.078428815569275,4.693205607363995,2.961310400924172,21.97585190517904,47.489485970485205,52.33157513479356,10.218608213282506,25.00027252080026,5.414993123017899,6.011298624039184,-0.8769173818546868,-79.6955127899864,63.81575891567076,45.12491998876693,85.5014715073065,41.93290132692852,-2.915521364714889,9.85868760340465,5.8698949728231,26.56241507446917,44.377975066112654,68.37816257053302,50.8456941719101,39.4767496174745,21.267728987355135,12.105090165418614,-13.282133817285787,0.2005612656833924,29.54291302203692,32.7815566946352,22.623292144523468,21.976673987571274,9.21675827463249,41.87005971611404,-8.746844366577303,-34.6933209535813,1.9395832434570257,92.19313023117977,76.84572205683563,40.16585792120291,28.4615402098429,75.28229523573265,53.16594558675353,0.0139877666326178,32.55083887266122,26.714276397254327,12.526256884758231,20.995242297014617
45583,-10.72212888755646,65.27339622590671,28.49211453470439,22.22310771257672,5.659512369877112,2.8434649194407795,-14.146015829656513,-60.198546475180365,17.485138647085186,30.482638558155077,30.587098052123096,-89.73445077664742,7.106953868685574,16.00924551258081,46.76064037823837,-19.49780879195352,135.92195035657608,123.67697934865264,41.61026913115524,24.69204727570809,2.238381975870069,39.03148693287179,33.2190420544047,-1.9544985050224004,77.98089194930347,44.92439183928392,52.07748241602874,94.20998741662608,21.09633274725696,2.9376366332823105,1.0042527498343945,19.52378501567556,43.984415605137805,48.503931330728754,7.888787725519893,22.282444420011355,3.357549580408855,3.920667860367859,-2.9369460876496336,-78.8399924208408,59.5381632360262,41.43988834235403,80.27954775290038,38.4935384183165,-4.592578389794865,7.670379806094012,3.5347920896092204,23.2433091852387,40.73897110818381,64.04910115789959,47.07372684587284,36.12107695880558,18.42267729029841,9.734166943114875,-14.86574028292376,-2.5897769696844786,26.54441461769681,29.504910531860467,19.887361891179047,19.27958557082028,6.931219130601704,38.09655503865079,-11.0168539533001,-31.76869531328326,1.198184132216778,87.59563049103402,72.72039258639889,37.5584225516556,25.869123937103726,71.83852136781864,50.80798570321784,-1.4197771019250651,29.969992345714413,24.13043338620121,10.122702278906065,18.516348338264027
45584,-9.867407849718322,60.78970965364606,24.77080839408824,18.817687941147028,2.8904092119108613,-0.7047942052402973,-17.244418853122237,-58.31879106266582,13.957346162166637,26.93888912254705,27.45311218313276,-85.35244666758484,4.509322665834456,11.779945328060654,40.028219215118135,-21.35309832974326,125.59605067029013,114.36895853266137,37.764909228872185,21.62577670502141,-0.3722930050813997,33.53388175474463,27.81867162114913,-5.202258433437819,71.31614318829573,40.45328244080531,46.83466718053266,85.42236860654398,16.779198173651906,-0.2743227380280535,-2.0561098669536624,15.737404053048444,39.68536161444808,43.776943444038864,5.425393689934866,17.892945284157236,-0.2555903513126787,0.5532982955844828,-5.534678653099171,-76.33234679829965,54.22092441046393,37.240157526906536,73.19477491560225,33.443408108306784,-7.061322823244346,4.664434740462983,0.9712130510850604,19.34074398054338,36.42688531534603,58.55140691659051,42.05120281631599,31.183262678802564,14.25148182287058,6.969118045837447,-16.26970541345203,-4.867385282135837,22.95265696808749,25.55561358904944,16.31599749838778,15.446061034676788,4.289037304587756,33.43419814630606,-12.654707648827904,-29.969130032255016,-0.7406976827913611,80.09735158446628,65.42466105101009,32.916475240857366,21.83096297299208,64.35091909885357,44.37655900035777,-3.028095225908865,25.475161525524133,19.78340739477673,6.693954297107684,14.32294559551688
45585,-10.03176790897088,58.51082142625533,25.88559195715358,20.05131025520603,4.7227584941710425,1.083518062540572,-14.845699051893927,-53.72381542331284,15.004580586811253,27.652055288351196,28.50344458144994,-79.08117457624031,6.4011970003412895,13.252239310431174,39.81996853768412,-19.16248333521987,121.10941697908888,111.25935804566902,38.46116310042401,23.05036793574035,2.2494469695270283,34.335514276674935,28.41100799747849,-3.925793927732768,70.14511620633812,40.8416655630673,46.83123672993705,83.57181449698376,18.26059617563871,1.8299823511673428,-0.0292377542520463,16.573614547280155,39.96192040700684,43.88041662085348,7.259524607664913,19.1257265175062,1.6123968604658456,2.5550720366930104,-3.0654302436597654,-70.45644397522457,53.88235726831525,37.60743515254317,71.80760743110862,34.00234138354023,-4.66817459671797,6.51464595191458,3.239869795466291,20.865341960526205,36.849313789749935,57.55494645182608,42.10108776230644,31.82589061425793,15.7547666626167,8.886406334332642,-13.282512147054856,-1.980903702299162,23.949791093178657,26.41847665917024,17.702475864002047,16.836680901302785,6.279885873320365,34.30302642998468,-9.915234720786833,-30.345527249105587,-0.3067657361131045,78.28815839500811,63.84030847719259,32.82819616502586,21.964718831989824,62.85863289183704,42.75222476327195,-1.5293891198701723,25.388554961805287,19.680745110727948,7.221181838091051,14.96259231011893
45586,-10.29463251606958,57.84037361943737,27.825886137280044,22.23427596040328,7.22967694544788,4.276729291413364,-10.731553765095423,-50.71191702343749,16.68416522018474,28.85211727575857,29.64950161789552,-75.37080718737425,8.81688336998519,16.739397082686285,42.65518277377115,-16.332191149848946,120.42818242776616,110.99885494003178,39.85289060277246,24.95450312789321,6.279681364625444,37.743491786257735,31.318945461437373,-0.8573172801291088,70.77042233883738,42.18710656203847,48.42712262388536,85.3880849358531,21.907986449644397,5.297135894785188,3.0530608760283555,18.705759125851216,40.97721090708936,44.83553458831167,9.20626140030743,21.952285798520585,4.981478857514066,5.774303921461447,-0.0931078904322848,-66.22046630071178,54.53147019275546,38.46601131862683,72.23430037678375,36.10220975144265,-1.53862119822787,9.13129934047708,5.70658847972816,22.94339566573831,37.91339358204079,57.70076339389221,43.35376211419841,33.98371424610703,18.52937847279474,11.153594212700686,-10.492046120817095,0.4091972542351767,25.50593747293147,27.93160650188304,19.87412864845404,19.30578527842821,8.58990769922531,36.01449942119114,-7.7617204586836674,-29.62081160356117,1.3077558584053466,79.23756757241007,65.31954757848841,34.68588382420576,23.5306469318021,65.22197349558019,45.07649918322451,0.1396329630722813,27.17949151655658,21.34991612582137,8.829123087960093,17.293491487693146
45587,-9.543652655536397,55.02718871101101,25.02517932113882,19.8629155045245,5.250854066549364,2.301166075608509,-11.9422619152391,-50.35042721606135,13.961540693799378,25.909332329426192,26.688981601904853,-73.58755876591745,6.837351443878507,14.644869720528908,39.17594704923533,-17.37789029114096,114.0987359433037,104.6964156649702,36.75523367463588,22.42339673502813,5.086044904415616,34.94640460920176,28.39723861012024,-2.1482332065544645,66.04628756736939,38.7720372229866,44.89092803228632,80.42562382982175,19.83662040244113,3.559165306379566,1.1868617433330897,16.359340007802057,37.528204052988265,41.09059599149139,6.967595724762013,19.301734348489173,3.0278766870457123,3.765953859924975,-2.054829745509735,-65.30230404635256,50.3382411067861,34.89145278511092,67.1528877822897,32.74588669644396,-3.157004017061316,7.011989445181754,3.4621668485834016,19.74720440318812,34.3787251878551,53.49787616724451,39.68263086883406,30.71482620124813,15.787970881022124,8.847210645786133,-11.986575687880109,-2.2111690509925297,22.59753810687344,24.77839975651719,17.214123962791117,16.686667314244936,6.379452482761859,32.34606014037102,-9.83007019105397,-26.776855917537944,0.6414781329673356,74.62741443934078,61.25996089278212,32.10588547883604,21.08447639025667,61.71693323434729,42.74734185263255,-1.2047420107847748,24.72149360260564,18.96893641440121,6.688638301074158,14.968819261402666
45588,-8.671115374607215,50.64172431129704,21.371149782189484,16.51384020980939,2.59468442775019,-1.0314565608907116,-14.810898925800196,-48.46114384369417,10.65928806305085,22.478270588588067,23.58647020376181,-69.40131425486376,4.308920918457536,10.540820945160368,32.74982890157107,-18.994654381854488,104.07642281681264,95.58672339577666,32.89571465333733,19.34654148610833,2.376530103277715,29.51968202028638,23.20661665042932,-5.151087737223349,59.55063522422636,34.37764886252664,39.74751084284312,71.84321899797841,15.565611074645512,0.4492414500840211,-1.7180364738618117,12.757983168831698,33.33287951538498,36.50066415482864,4.603159703423107,15.078016355662136,-0.3899211746228339,0.5556255810750683,-4.523133892131865,-62.83325790269893,45.16841903496275,30.834019134680005,60.321701874842304,27.874559532712155,-5.5214960482915885,4.122790399562622,1.0023496123641693,16.0026268888726,30.211996081018185,48.19800775054999,34.8362005478897,25.95784666695677,11.798863426477627,6.16950687044071,-13.313058049956302,-4.348811728763131,19.13146921865908,20.993340836156317,13.768017181195315,12.998154574269734,3.832993244592133,27.842235734987216,-11.302796585162769,-24.99290966822358,-1.1513448707436549,67.2890472189077,54.218958545901074,27.61171907301062,17.279458223441157,54.40676788920033,36.5860626304841,-2.7134484865138955,20.463830227295173,14.93109994087852,3.58608129727112,11.032001886662597
45589,-8.757607690318153,48.32252548098612,22.272284417491225,17.534733624722456,4.276735563280224,0.6671663955360562,-12.494713077669807,-43.99801328010892,11.66945219462361,23.056915177698663,24.425361244341943,-63.415050542128256,6.012868542432766,11.808118018669113,32.4651843923004,-16.79198986744994,99.53370993072626,92.29850827365816,33.31114347510654,20.49996872887673,4.597541305865279,30.02254437608917,23.65917877951653,-3.888663759488443,58.22118212918505,34.55765212871124,39.53442718498295,69.7819317311081,16.75558309842921,2.350559477003398,0.1737166090803186,13.511829367176704,33.44506162742121,36.45789425164889,6.291046433805769,16.1510753625374,1.3594105011389797,2.40702141397238,-2.212280715715088,-57.171766204238544,44.683565650813584,31.07723101064305,58.8492922514779,28.285169776803595,-3.3006997057449063,5.811546588461364,3.0997089571583074,17.372829650345025,30.503705847968504,47.1321947224412,34.764916019750935,26.45626615130396,13.157217309532196,7.906156212301891,-10.494765368416497,-1.613546091738764,19.988787472287036,21.741883381558942,14.993840422977083,14.232353209063357,5.654968165685069,28.54831368895105,-8.642842209623268,-25.258558348714047,-0.7079052637541128,65.29744992614972,52.54824201380512,27.403147831487093,17.403676532325434,52.73248204536257,34.94395581677602,-1.2912523780961696,20.356684013431977,14.8909857826543,4.21313222561199,11.648751598248392
45590,-8.93694878295598,47.52577324414644,23.95348980577543,19.45245498707112,6.596113389385286,3.694131339400485,-8.557188310398502,-41.03368511157802,13.27880296820742,24.096478546574318,25.354574117510246,-59.85474091211994,8.211241598709933,14.979364310303357,35.05937537095918,-13.98408741568628,98.5929800413688,91.70679601029552,34.38332015208399,22.10560415236555,8.146524945410912,32.98817084967946,26.3013533324187,-0.9315902519275062,58.59181041876776,35.64268110032776,40.83365482557082,71.18872580674157,19.99149778633216,5.539124164710607,3.0628753960405395,15.491485881229028,34.25635396843992,37.22139123395419,8.08523447314207,18.73089382207606,4.527704111522563,5.4089486630562575,0.5735843392733679,-53.064222559178525,45.13396017664151,31.7861199817781,59.09454275748749,30.153296503565294,-0.3846810120143908,8.224462063445612,5.383837925595838,19.266720328720474,31.403123946270316,47.14864563195543,35.83205236383379,28.38783548142192,15.717671192521712,9.973117293865071,-7.863531289103411,0.652374397637135,21.375075437593907,23.10610725852488,16.961990367774916,16.486169150596055,7.778247968967421,30.051804113420708,-6.536582764063335,-24.48413580318876,0.8521045519514151,65.91538318267091,53.775916386626186,29.034824282784005,18.883406190317142,54.70397477618162,37.03635677069168,0.2919252348474587,22.02600999637845,16.528193479012092,5.8642635640723695,13.86563750948542
45591,-8.15751573485519,44.71688593426983,21.149293880420768,17.060280752601315,4.667338932167227,1.827597198200796,-9.664365699684051,-40.597951123361135,10.723782199141542,21.218421517684614,22.398624523070097,-58.14911333948554,6.246648581349887,12.868079506771762,31.688087470851755,-14.85005868420534,92.34006516555706,85.42364480750507,31.210089190336603,19.512986345501247,6.744297892767579,30.08558582675228,23.431798532246876,-2.1007929100561094,53.91485896331484,32.22797492990677,37.28388195121462,66.20009241872854,17.8149943683072,3.797759655660295,1.26539503029512,13.23513059103298,30.848637610549737,33.54416367286561,5.9154475476969495,16.128847858556593,2.656507982474137,3.460608514986508,-1.3156451381025416,-52.12317718315392,41.01167673256949,28.30524952927149,54.143796687775485,26.86329059335976,-1.967803586710681,6.1526829427058285,3.2047998912983524,16.169639288553192,27.95589219085994,43.06249955363315,32.2471954881532,25.188665108695016,13.058289700329992,7.708700265685129,-9.296774053205896,-1.830434193262204,18.538191707984737,20.05734000514502,14.357732788462492,13.92498063207774,5.619930696702757,26.468019443837587,-8.433139098222334,-21.70675939959142,0.2544547174813614,61.29001219860865,49.7785552998019,26.47373150883029,16.571811128598704,51.13765083593181,34.73952191318347,-0.9798983306730076,19.68116166955704,14.339389897669982,3.971451975122553,11.680274073604153
45592,-7.262319965187927,40.416569899427,17.534321649953164,13.738925125309027,2.0949666095867547,-1.3273456072999004,-12.34612820655067,-38.71337565813662,7.619694250338039,17.877186812221996,19.30750665105348,-54.1662276555157,3.760031577258836,8.847700109100732,25.519980072465724,-16.257637183731667,82.5843429773246,76.4772572285634,27.31245028494555,16.400856761443862,3.8990000672415945,24.684575125186285,18.408125633638885,-4.89501794887814,47.557231886166605,27.88335922636692,32.20804063967453,57.775186095898,13.547932099900846,0.7524719990853651,-1.518748480278559,9.787728002637872,26.732761220444903,29.065473328065814,3.626050243511784,12.032927556228913,-0.6051573679970611,0.3704920266282085,-3.6864555050947554,-49.71268917473904,35.963291160965355,24.366883439097236,47.53404511879386,22.135274535934343,-4.2603293124516135,3.349403127277781,0.8207551089092453,12.552205736046549,23.909399135399678,37.93679266517104,27.547438814386105,20.57702027773188,9.214292126053774,5.091178296654849,-10.571429395303118,-3.854901839441745,15.172137933249855,16.409399280431547,11.006977101576116,10.348298689352417,3.142099517199336,22.09162036520877,-9.763746183708353,-19.936651431690933,-1.412441916262804,54.07520954649532,42.95195437984536,22.09540941370395,12.971376503492223,43.958518516414046,28.805200543656785,-2.407786330107676,15.628783558839531,10.579490516643991,1.1674971864769788,7.965286278204889
45593,-7.277476054500604,38.06765999566444,18.24749185848085,14.570278555010333,3.6490530115939808,0.3031591559984082,-10.093809217285443,-34.364942257305565,8.616112540008762,18.34568460971943,19.96149463369972,-48.4495279926725,5.298965622163471,9.932126600206589,25.182723470840244,-14.027047187809792,78.01166956090879,73.04299117684187,27.47371454307937,17.308708923238992,5.741552341472465,24.91377088880354,18.744638741721683,-3.632517743408236,46.09864475224264,27.881952579678803,31.81153138952882,55.53178117310469,14.469245275569524,2.473003157051445,0.260069330940067,10.47946293471981,26.706937575796186,28.904017781996732,5.191807446855767,12.970884423981763,1.0475075688516942,2.094702669410961,-1.5091593145922768,-44.24643598907242,35.36102834099344,24.51328182804173,46.00663360051319,22.4242552995496,-2.1896033392061325,4.900169837045477,2.7729244457398345,13.79755069116743,24.09764094335876,36.82724357501871,27.38158043446314,20.95761938696177,10.453920434371868,6.672393595688184,-7.898243796950362,-1.2398269193611215,15.914954826775803,17.069857879275943,12.097478994970496,11.451097138248947,4.819936495549676,22.665174876935406,-7.157339708464106,-20.11372626879712,-0.9532569193138202,51.92733603629725,41.21725017250807,21.785033881940908,13.103546087799945,42.12197065401369,27.15495601815048,-1.0461124076787898,15.517870431882256,10.617376455962171,1.910374220654988,8.577927745977748
45594,-7.380950409496106,37.17258257223092,19.7045327939286,16.256665923656247,5.810873272949049,3.201189018714485,-6.2948152394537855,-31.448062210240163,10.185287080532898,19.254333336477604,20.701394738534862,-45.05111729853197,7.308973228300344,12.832351084031943,27.593314260045076,-11.218485185563816,76.87874645362798,72.18344695724225,28.260806399212928,18.646975858549368,8.848163530090861,27.491535912572576,21.170545707742868,-0.7527061872908951,46.26332715491168,28.7440526789917,32.857999152892106,56.59816416128014,17.34108103581665,5.420742249879011,2.9902172288063578,12.341220980583314,27.348561998520957,29.512569277741232,6.858838632723455,15.346392290181148,4.053892591620704,4.916284472721765,1.12089468524943,-40.265428133936936,35.652097712772814,25.1048216706192,46.12009029563415,24.104324567417777,0.5436770399980523,7.141494631568847,4.902903981455311,15.542851275416233,24.86645033033248,36.751988356456046,28.30280295335661,22.70604223109928,12.840592054238916,8.568343531427496,-5.4043337713055,0.9274157436930838,17.162767114664675,18.31839743400181,13.896198740586485,13.526681223505312,6.784877271564302,24.00006067341015,-5.078921304451664,-19.299074565985908,0.571626289943902,52.27018224082095,42.24936285488234,23.23075685256356,14.53019732426188,43.764181592459686,29.068891718256594,0.4691339269194438,17.102990678540042,12.25736454276053,3.6322648452979855,10.718229923488982
45595,-6.56937048336296,34.37143548062008,16.878541164774603,13.826534004478914,3.911810287161442,1.422903303616765,-7.32006225033813,-30.96723000469717,7.778150356522937,16.423859409683363,17.731382855136882,-43.45549380041774,5.339037913695394,10.686682136223403,24.316101580735463,-11.925292676594932,70.7051309321174,65.91429465915206,24.99611982196096,15.974345977203434,7.218310965458542,24.468474628176214,18.33702848472146,-1.815105254594065,41.62169724349185,25.3135922187068,29.28075368724505,51.57586349669992,15.042962021862165,3.65552967345355,1.240079105281517,10.159052032474424,23.96608796410447,25.88660892020295,4.736307079755698,12.77372923172114,2.244231954802719,3.006283851182701,-0.7205029615573033,-39.33604329967345,31.58534106048311,21.699843660101585,41.28706697514421,20.862822894611305,-1.0265164198377,5.09626701553041,2.7648454559558355,12.52105945736819,21.48874231918385,32.77079365557887,24.788184134030917,19.558542293448824,10.241583464779149,6.323804734891736,-6.802289683800358,-1.4486360372352596,14.378474627019855,15.354621131890246,11.327442209968542,11.00328592270174,4.656388678999435,20.479642588520058,-6.831766518521725,-16.573669330557596,0.0362863658163341,47.62309376715821,38.30749430286062,20.678624050032084,12.340871938985137,40.13301790747934,26.805180194694387,-0.7460815543059761,14.860632327985858,10.249489571217236,1.972071857729686,8.65703124486573
45596,-5.646472631049276,30.141360806168723,13.274671738569502,10.504794031875164,1.3953240621767693,-1.5904920896300965,-9.855112996085342,-29.09861287389496,4.845614864459,13.14956237053344,14.631353023144127,-39.67989876196362,2.867902647547304,6.709815855364353,18.35840073086714,-13.150733229107544,61.17571680176636,57.09319778875589,21.035901812152577,12.802444650243851,4.201863953661552,19.04867501704914,13.438387104944317,-4.435015591369892,35.36959106041864,20.99138091153105,24.24021747280584,43.25949376158424,10.738868098104788,0.639191378721614,-1.4563244860629774,6.835366104933737,19.90488634161803,21.49277486483146,2.4989084186030754,8.768660200998701,-0.8986644638446268,0.0012311127601968,-3.024061892221831,-37.00013685696719,26.631429456800657,17.856898485543166,34.86518323620568,16.242927991309756,-3.277601560387445,2.3493061043949277,0.4298230295208244,9.000579749931749,17.53706516558358,27.794357275105074,20.20536339355476,15.057126325451682,6.506861214875648,3.7402520657770353,-8.048950493310688,-3.38527166978505,11.087023844108174,11.816920624997794,8.042847499186127,7.506162621009607,2.2211516157882047,16.19965269078972,-8.041652246961547,-14.814439798349923,-1.523804073481816,40.49395185090094,31.654243396835263,16.384369580852976,8.916971330014302,33.03805926295612,21.05490806166092,-2.110935295206162,10.98217115680864,6.737034869389424,-0.5597291502166684,5.130219735602059
45597,-5.596076907379081,27.770360811851724,13.823251737608668,11.16783967567449,2.8425494888395386,-0.0075346543032606,-7.648182354570929,-24.8462232038241,5.849951172515918,13.529985613315974,15.124507154178753,-34.21474168346377,4.26339103990445,7.631897545810247,17.989570903835695,-10.8761741555946,56.592863560670686,53.53919252352186,20.966729109362547,13.48809057423639,5.686985873233375,19.02662763613033,13.680289367186306,-3.1587576234597763,33.806820038980234,20.83252337142157,23.683276363327767,40.85768607547729,11.412399880876947,2.2000203731932118,0.2307393514887706,7.48363412276339,19.76450293953656,21.237056489177892,3.965235921096972,9.594193778903012,0.6782713398402921,1.6202884467477312,-0.956482527135866,-31.70785158838041,25.9370140616979,17.93089362637639,33.30859768087048,16.434307896127105,-1.335493648616744,3.784194613294868,2.26157983131203,10.148380344720714,17.646279629131623,26.663091757352717,19.968529201279065,15.343738314676685,7.652116817330625,5.189699268839568,-5.497593840986208,-0.8606712374301994,11.738474765706728,12.41322265028049,9.021445968908754,8.500721458350213,3.7781837962674505,16.668083920817576,-5.463520640620411,-14.922795629111777,-1.0428890371929198,38.211367253019695,29.874188856088868,15.988416861140609,9.072883147640384,31.05535990398584,19.40390716612585,-0.7944650455683979,10.882444611110516,6.866889276621169,0.3140251405810356,5.756085426861632
45598,-5.630551313685741,26.801245367316163,15.088329078378324,12.654355283619475,4.875193345424837,2.797107202560284,-3.950787648884313,-21.97448193292672,7.407052739079169,14.334798864460874,15.70014686260457,-30.986383497863507,6.112339321068058,10.303303890531218,20.26970442153538,-8.044127731231576,55.326996823033575,52.46768416662359,21.499948095495974,14.587655237601112,8.388032852867926,21.266975338459112,15.935945870975846,-0.3234654519949309,33.809149345281234,21.505728623124423,24.51688224072856,41.64604363744225,13.964494860053357,4.942816266630785,2.8344128403493407,9.259812480755246,20.26754958087444,21.7238428120849,5.529023274857572,11.80504875348374,3.5597535336433905,4.29664833161016,1.5471006993014087,-27.84873299895781,26.104124724638343,18.43440047022045,33.33470795889111,17.96657895329712,1.244576871482736,5.88429848169743,4.264387760111495,11.778168060613156,18.315458099296723,26.52972744963792,20.77991281680004,16.948815478983313,9.902861626836756,6.942113969894215,-3.1195860913895004,1.232317500200459,12.87675865220837,13.576696082812983,10.682490356027538,10.4327087200382,5.61159876752714,17.87051783263156,-3.39397071874456,-14.075736545363084,0.4653806122570012,38.32965420756098,30.76153116766456,17.285016604693418,10.477182504984302,32.42530606083961,21.18854473958596,0.6699997005540184,12.418018252816678,8.542057715508374,2.132773618976385,7.854921032736021
45599,-4.782876362187542,24.008971021031066,12.221950554167096,10.16899209533262,2.986119323653276,1.0870832396034062,-4.9143060064151545,-21.47453781423428,5.128387824483487,11.53443254264542,12.697094911292664,-29.52903134608202,4.117306840117891,8.105740407788993,17.071769187863865,-8.610734736419635,49.23087446740031,46.20330745535662,18.12703401943393,11.81630215295786,6.511956802703246,18.10761963331807,13.121902155040498,-1.293210606658216,29.18884680837155,18.042481382552776,20.89702631268738,36.57969160334104,11.528099238976536,3.1339683855685285,1.1110737319449782,7.135981429077466,16.89342114070648,18.13174650880821,3.432720448068135,9.24266379421693,1.7915123161245694,2.4040555461023536,-0.2700425975132435,-26.96161482857022,22.076110473394547,15.086869295430812,28.604375329862847,14.755206282463472,-0.3339981340220657,3.8452110958755457,2.143747453906986,8.808036741650461,14.98873475624922,22.64008990379525,17.318592570953417,13.834468179837945,7.34284206070773,4.695892018949223,-4.50674119631658,-1.0664319934026851,10.126007943555855,10.67828968631571,8.129124731677376,7.927129057083308,3.491269424887288,14.39176341886203,-5.029625137976249,-11.387207207410432,-0.0136898741976773,33.651645458920605,26.86631324635776,14.731039143996211,8.397551621074276,28.723439953935998,18.957097522080613,-0.5038412980736082,10.267006893898548,6.7036775633062335,0.6906168410146605,5.902835111827277
